<?xml version="1.0" encoding="UTF-8"?>
<project-private xmlns="http://www.netbeans.org/ns/project-private/1">
    <editor-bookmarks xmlns="http://www.netbeans.org/ns/editor-bookmarks/2" lastBookmarkId="0"/>
    <open-files xmlns="http://www.netbeans.org/ns/projectui-open-files/2">
        <group>
            <file>file:/C:/Users/ebrun/Documents/NetBeansProjects/BolsaValores/web/Top3_Prejuizo.jsp</file>
            <file>file:/C:/Users/ebrun/Documents/NetBeansProjects/BolsaValores/web/Estatisticas.jsp</file>
            <file>file:/C:/Users/ebrun/Documents/NetBeansProjects/BolsaValores/src/java/servlet/CotacaoServlet.java</file>
            <file>file:/C:/Users/ebrun/Documents/NetBeansProjects/BolsaValores/web/index_estatisticas.html</file>
            <file>file:/C:/Users/ebrun/Documents/NetBeansProjects/BolsaValores/web/ListaTodos.jsp</file>
            <file>file:/C:/Users/ebrun/Documents/NetBeansProjects/BolsaValores/src/java/servlet/EstatisticasServlet.java</file>
            <file>file:/C:/Users/ebrun/Documents/NetBeansProjects/BolsaValores/web/Top3_Crescimento.jsp</file>
            <file>file:/C:/Users/ebrun/Documents/NetBeansProjects/BolsaValores/web/Investimento.jsp</file>
            <file>file:/C:/Users/ebrun/Documents/NetBeansProjects/BolsaValores/web/Simulacao.jsp</file>
            <file>file:/C:/Users/ebrun/Documents/NetBeansProjects/BolsaValores/src/java/dao/CotacaoDAO.java</file>
        </group>
    </open-files>
</project-private>
